position,PP1,PP2
1,acacacac:acacacac,caggctaa:acacacac
2,acacacac:acagcaca,caggctaa:acagcaca
3,acacacac:gtgtacat,caggctaa:gtgtacat
4,acacacac:tatgtcag,caggctaa:tatgtcag
5,acacacac:tagtcgca,caggctaa:tagtcgca
6,acacacac:tactatac,caggctaa:tactatac
7,acacacac:actagatc,caggctaa:actagatc
8,acacacac:gatcgcga,caggctaa:gatcgcga
9,acagcaca:acacacac,tcatcggt:acacacac
10,acagcaca:acagcaca,tcatcggt:acagcaca
11,acagcaca:gtgtacat,tcatcggt:gtgtacat
12,acagcaca:tatgtcag,tcatcggt:tatgtcag
13,acagcaca:tagtcgca,tcatcggt:tagtcgca
14,acagcaca:tactatac,tcatcggt:tactatac
15,acagcaca:actagatc,tcatcggt:actagatc
16,acagcaca:gatcgcga,tcatcggt:gatcgcga
17,gtgtacat:acacacac,agttccac:acacacac
18,gtgtacat:acagcaca,agttccac:acagcaca
19,gtgtacat:gtgtacat,agttccac:gtgtacat
20,gtgtacat:tatgtcag,agttccac:tatgtcag
21,gtgtacat:tagtcgca,agttccac:tagtcgca
22,gtgtacat:tactatac,agttccac:tactatac
23,gtgtacat:actagatc,agttccac:actagatc
24,gtgtacat:gatcgcga,agttccac:gatcgcga
25,tatgtcag:acacacac,aaccaacg:acacacac
26,tatgtcag:acagcaca,aaccaacg:acagcaca
27,tatgtcag:gtgtacat,aaccaacg:gtgtacat
28,tatgtcag:tatgtcag,aaccaacg:tatgtcag
29,tatgtcag:tagtcgca,aaccaacg:tagtcgca
30,tatgtcag:tactatac,aaccaacg:tactatac
31,tatgtcag:actagatc,aaccaacg:actagatc
32,tatgtcag:gatcgcga,aaccaacg:gatcgcga
33,tagtcgca:acacacac,ctgcgaat:acacacac
34,tagtcgca:acagcaca,ctgcgaat:acagcaca
35,tagtcgca:gtgtacat,ctgcgaat:gtgtacat
36,tagtcgca:tatgtcag,ctgcgaat:tatgtcag
37,tagtcgca:tagtcgca,ctgcgaat:tagtcgca
38,tagtcgca:tactatac,ctgcgaat:tactatac
39,tagtcgca:actagatc,ctgcgaat:actagatc
40,tagtcgca:gatcgcga,ctgcgaat:gatcgcga
41,tactatac:acacacac,gtggttag:acacacac
42,tactatac:acagcaca,gtggttag:acagcaca
43,tactatac:gtgtacat,gtggttag:gtgtacat
44,tactatac:tatgtcag,gtggttag:tatgtcag
45,tactatac:tagtcgca,gtggttag:tagtcgca
46,tactatac:tactatac,gtggttag:tactatac
47,tactatac:actagatc,gtggttag:actagatc
48,tactatac:gatcgcga,gtggttag:gatcgcga
49,actagatc:acacacac,agaacgtg:acacacac
50,actagatc:acagcaca,agaacgtg:acagcaca
51,actagatc:gtgtacat,agaacgtg:gtgtacat
52,actagatc:tatgtcag,agaacgtg:tatgtcag
53,actagatc:tagtcgca,agaacgtg:tagtcgca
54,actagatc:tactatac,agaacgtg:tactatac
55,actagatc:actagatc,agaacgtg:actagatc
56,actagatc:gatcgcga,agaacgtg:gatcgcga
57,gatcgcga:acacacac,tcatgcct:acacacac
58,gatcgcga:acagcaca,tcatgcct:acagcaca
59,gatcgcga:gtgtacat,tcatgcct:gtgtacat
60,gatcgcga:tatgtcag,tcatgcct:tatgtcag
61,gatcgcga:tagtcgca,tcatgcct:tagtcgca
62,gatcgcga:tactatac,tcatgcct:tactatac
63,gatcgcga:actagatc,tcatgcct:actagatc
64,gatcgcga:gatcgcga,tcatgcct:gatcgcga
65,cgctctcg:acacacac,ggatagca:acacacac
66,cgctctcg:acagcaca,ggatagca:acagcaca
67,cgctctcg:gtgtacat,ggatagca:gtgtacat
68,cgctctcg:tatgtcag,ggatagca:tatgtcag
69,cgctctcg:tagtcgca,ggatagca:tagtcgca
70,cgctctcg:tactatac,ggatagca:tactatac
71,cgctctcg:actagatc,ggatagca:actagatc
72,cgctctcg:gatcgcga,ggatagca:gatcgcga
73,gtcgtaga:acacacac,cagtagac:acacacac
74,gtcgtaga:acagcaca,cagtagac:acagcaca
75,gtcgtaga:gtgtacat,cagtagac:gtgtacat
76,gtcgtaga:tatgtcag,cagtagac:tatgtcag
77,gtcgtaga:tagtcgca,cagtagac:tagtcgca
78,gtcgtaga:tactatac,cagtagac:tactatac
79,gtcgtaga:actagatc,cagtagac:actagatc
80,gtcgtaga:gatcgcga,cagtagac:gatcgcga
81,gtcacgtc:acacacac,tagccact:acacacac
82,gtcacgtc:acagcaca,tagccact:acagcaca
83,gtcacgtc:gtgtacat,tagccact:gtgtacat
84,gtcacgtc:tatgtcag,tagccact:tatgtcag
85,gtcacgtc:tagtcgca,tagccact:tagtcgca
86,gtcacgtc:tactatac,tagccact:tactatac
87,gtcacgtc:actagatc,tagccact:actagatc
88,gtcacgtc:gatcgcga,tagccact:gatcgcga
89,gactgatg:acacacac,gaggacta:acacacac
90,gactgatg:acagcaca,gaggacta:acagcaca
91,gactgatg:gtgtacat,gaggacta:gtgtacat
92,gactgatg:tatgtcag,gaggacta:tatgtcag
93,gactgatg:tagtcgca,gaggacta:tagtcgca
94,gactgatg:tactatac,gaggacta:tactatac
95,gactgatg:actagatc,gaggacta:actagatc
96,gactgatg:gatcgcga,gaggacta:gatcgcga
